"set","samples","accuracy","f1_macro","f1_micro","f1_weighted","precision_macro","recall_macro","precision_micro","recall_micro","ece","brier_score","balanced_accuracy"
"emo8_noun",231,0.285714285714286,0.264036479519578,0.285714285714286,NA,0.28064009373154,0.292338625850016,0.285714285714286,0.285714285714286,0.159593273615424,NA,0.292338625850016
"emo8_adj",231,0.264069264069264,0.230846069623687,0.264069264069264,NA,0.311194066627242,0.246902846215493,0.264069264069264,0.264069264069264,0.202417097437433,NA,0.246902846215493
"emo8_adj_fe",231,0.264069264069264,0.228078871295929,0.264069264069264,NA,0.245421537019278,0.243954073333492,0.264069264069264,0.264069264069264,0.148641602753045,NA,0.243954073333492
"emo8_adj_p",231,0.246753246753247,0.206179379613217,0.246753246753247,NA,0.386358575935778,0.225902762900013,0.246753246753247,0.246753246753247,0.175521175582688,NA,0.225902762900013
