"set","samples","accuracy","f1_macro","f1_micro","f1_weighted","precision_macro","recall_macro","precision_micro","recall_micro","ece","brier_score","balanced_accuracy"
"emo8_noun",231,0.29004329004329,0.228502692812078,0.29004329004329,NA,0.343412880026152,0.257075309259127,0.29004329004329,0.29004329004329,0.14964804272631,NA,0.257075309259127
"emo8_adj",231,0.372294372294372,0.29631191503944,0.372294372294372,NA,0.306311083240431,0.299161885945075,0.372294372294372,0.372294372294372,0.0633862383050836,NA,0.299161885945075
"emo8_adj_fe",231,0.350649350649351,0.270047503280876,0.350649350649351,NA,0.322235885244786,0.27701230688662,0.350649350649351,0.350649350649351,0.0517306827105485,NA,0.27701230688662
"emo8_adj_p",231,0.324675324675325,0.246128440072988,0.324675324675325,NA,0.316732237986519,0.252431225054949,0.324675324675325,0.324675324675325,0.0448952124361352,NA,0.252431225054949
