"set","samples","accuracy","f1_macro","f1_micro","f1_weighted","precision_macro","recall_macro","precision_micro","recall_micro","ece","brier_score","balanced_accuracy"
"emo8_noun",38,0.263157894736842,0.217544710191769,0.263157894736842,NA,0.307598039215686,0.243923611111111,0.263157894736842,0.263157894736842,0.16865487592785,NA,0.278769841269841
"emo8_adj",38,0.342105263157895,0.222619047619048,0.342105263157895,NA,0.260416666666667,0.209201388888889,0.342105263157895,0.342105263157895,0.115099543803617,NA,0.239087301587302
"emo8_adj_fe",38,0.315789473684211,0.220795625942685,0.315789473684211,NA,0.299479166666667,0.295833333333333,0.315789473684211,0.315789473684211,0.183753375944338,NA,0.338095238095238
"emo8_adj_p",38,0.368421052631579,0.234185606060606,0.368421052631579,NA,0.305952380952381,0.311458333333333,0.368421052631579,0.368421052631579,0.0975138984228435,NA,0.355952380952381
