"set","samples","accuracy","f1_macro","f1_micro","f1_weighted","precision_macro","recall_macro","precision_micro","recall_micro","ece","brier_score","balanced_accuracy"
"emo8_noun",32,0.1875,0.110661764705882,0.1875,NA,0.196875,0.111904761904762,0.1875,0.1875,0.243485063314438,NA,0.127891156462585
"emo8_adj",32,0.25,0.153136629452419,0.25,NA,0.241071428571429,0.16577380952381,0.25,0.25,0.261752873659134,NA,0.189455782312925
"emo8_adj_fe",32,0.25,0.138392857142857,0.25,NA,0.170833333333333,0.216666666666667,0.25,0.25,0.241924882866442,NA,0.247619047619048
"emo8_adj_p",32,0.34375,0.177083333333333,0.34375,NA,0.278968253968254,0.251190476190476,0.34375,0.34375,0.150579096749425,NA,0.287074829931973
