"set","samples","accuracy","f1_macro","f1_micro","f1_weighted","precision_macro","recall_macro","precision_micro","recall_micro","ece","brier_score","balanced_accuracy"
"emo8_noun",38,0.315789473684211,0.341719829877725,0.315789473684211,NA,0.444852941176471,0.410069444444444,0.315789473684211,0.315789473684211,0.220313813733427,NA,0.468650793650794
"emo8_adj",38,0.368421052631579,0.235072055137845,0.368421052631579,NA,0.282738095238095,0.347395833333333,0.368421052631579,0.368421052631579,0.145902975609428,NA,0.39702380952381
"emo8_adj_fe",38,0.289473684210526,0.279281537176274,0.289473684210526,NA,0.377564102564103,0.351215277777778,0.289473684210526,0.289473684210526,0.109888442252812,NA,0.401388888888889
"emo8_adj_p",38,0.210526315789474,0.147985347985348,0.210526315789474,NA,0.222222222222222,0.236805555555556,0.210526315789474,0.210526315789474,0.208628088235855,NA,0.270634920634921
