"set","samples","accuracy","f1_macro","f1_micro","f1_weighted","precision_macro","recall_macro","precision_micro","recall_micro","ece","brier_score","balanced_accuracy"
"emo8_noun",32,0.21875,0.131818181818182,0.21875,NA,0.193452380952381,0.101190476190476,0.21875,0.21875,0.20887350756675,NA,0.115646258503401
"emo8_adj",32,0.125,0.0794117647058823,0.125,NA,0.163690476190476,0.0895833333333333,0.125,0.125,0.286409930326045,NA,0.102380952380952
"emo8_adj_fe",32,0.21875,0.0957142857142857,0.21875,NA,0.10625,0.0916666666666667,0.21875,0.21875,0.205389263108373,NA,0.104761904761905
"emo8_adj_p",32,0.21875,0.103896103896104,0.21875,NA,0.12797619047619,0.175,0.21875,0.21875,0.258837127126753,NA,0.2
